{"TEMP": [297.3472137080359, 17.97924320519742], "RH": [0.8059102715978199, 0.12429726506924034]}