{"TEMP": [297.42904317747076, 17.889326971555647], "RH": [0.8020920009295922, 0.1256261306644908]}