{"TEMP": [297.8973720226922, 18.17816115814174], "RH": [0.8512962509906977, 0.09855317167496393]}