{"TEMP": [297.925380622986, 17.66939187713176], "RH": [0.8090137477135866, 0.1232706480659656]}