{"TEMP": [297.0698881224604, 17.872031418008184], "RH": [0.7996590419527222, 0.12668953716056913]}