{"TEMP": [296.45187847527535, 18.29361754932851], "RH": [0.7949739327380684, 0.12717963974889557]}